{
  "m_WW": 160.0,
  "mw": 80.419,
  "gw": 2.049,
  "sigma_a": 3.6110261681321907,
  "sigma_b": 3.6110261681321907,
  "dm": 0.05,
  "m_lo": 40.0,
  "m_hi": 84.94999999999744,
  "n_m": 900
}